{
  "scannedAt": "2026-02-27T09:04:25.176Z",
  "signals": [],
  "regimes": {
    "BTC": {
      "regime": "CHOPPY",
      "adx": 14.407136304787615,
      "volatilityRatio": 0.49261431280580453,
      "priceChange1h": -0.11780297452510675,
      "priceChange24h": -1.0647607934655776
    }
  },
  "regimeParams": {
    "stop": 0.02,
    "size": 0.25,
    "maxHold": 4
  },
  "nextResetMinutes": 56,
  "session": "european"
}