{
  "scannedAt": "2026-02-25T21:04:25.450Z",
  "signals": [],
  "regimes": {
    "BTC": {
      "regime": "TRENDING_UP",
      "adx": 61.75439098086062,
      "volatilityRatio": 0.921933615347063,
      "priceChange1h": 0.060784994789857584,
      "priceChange24h": 8.038253586273713
    }
  },
  "regimeParams": {
    "stop": 0.04,
    "size": 0.75,
    "maxHold": 18
  },
  "nextResetMinutes": 56,
  "session": "us"
}