{
  "scannedAt": "2026-02-28T13:04:23.816Z",
  "signals": [],
  "regimes": {
    "BTC": {
      "regime": "TRENDING_DOWN",
      "adx": 30.471602000596743,
      "volatilityRatio": 0.4516732430355156,
      "priceChange1h": -0.17195291616513733,
      "priceChange24h": -3.60021737161489
    }
  },
  "regimeParams": {
    "stop": 0.03,
    "size": 0.75,
    "sizeLong": 0.25,
    "sizeShort": 0.75,
    "maxHold": 12,
    "longRequiresSentry": true
  },
  "nextResetMinutes": 56,
  "session": "european"
}